<?xml version='1.0' encoding='utf-8'?>
<!DOCTYPE hibernate-mapping PUBLIC
    "-//Hibernate/Hibernate Mapping DTD 3.0//EN"
    "http://www.hibernate.org/dtd/hibernate-mapping-3.0.dtd">
<hibernate-mapping>

    <class name="org.example.HabitacionClass" table="habitacion" schema="public" catalog="vacacionesdb">
        <id name="id" column="id">
            <generator class="identity"/>
        </id>
        <property name="numero">
            <column name="numero" sql-type="integer"/>
        </property>
        <property name="tipo">
            <column name="tipo" sql-type="varchar(30)" length="30"/>
        </property>
        <property name="precio">
            <column name="precio" sql-type="numeric(6,2)" precision="6" scale="2"/>
        </property>
        <many-to-one name="hotelByHotelId" class="org.example.HotelClass">
            <column name="hotel_id"/>
        </many-to-one>
        <set name="reservasById" inverse="true">
            <key>
                <column name="habitacion_id"/>
            </key>
            <one-to-many not-found="ignore" class="org.example.ReservaClass"/>
        </set>
    </class>
</hibernate-mapping>