<?xml version='1.0' encoding='utf-8'?>
<!DOCTYPE hibernate-mapping PUBLIC
    "-//Hibernate/Hibernate Mapping DTD 3.0//EN"
    "http://www.hibernate.org/dtd/hibernate-mapping-3.0.dtd">
<hibernate-mapping>

    <class name="org.example.HotelClass" table="hotel" schema="public" catalog="vacacionesdb">
        <id name="id" column="id">
            <generator class="identity"/>
        </id>
        <property name="nombre">
            <column name="nombre" sql-type="varchar(50)" length="50"/>
        </property>
        <property name="ciudad">
            <column name="ciudad" sql-type="varchar(50)" length="50"/>
        </property>
        <property name="categoria">
            <column name="categoria" sql-type="integer" not-null="true"/>
        </property>
        <set name="habitacionsById" inverse="true">
            <key>
                <column name="hotel_id"/>
            </key>
            <one-to-many not-found="ignore" class="org.example.HabitacionClass"/>
        </set>
    </class>
</hibernate-mapping>