<?xml version='1.0' encoding='utf-8'?>
<!DOCTYPE hibernate-mapping PUBLIC
    "-//Hibernate/Hibernate Mapping DTD 3.0//EN"
    "http://www.hibernate.org/dtd/hibernate-mapping-3.0.dtd">
<hibernate-mapping>

    <class name="org.example.ReservaClass" table="reserva" schema="public" catalog="vacacionesdb">
        <id name="id" column="id">
            <generator class="identity"/>
        </id>
        <property name="cliente">
            <column name="cliente" sql-type="varchar(50)" length="50"/>
        </property>
        <property name="fechaEntrada">
            <column name="fecha_entrada" sql-type="date"/>
        </property>
        <property name="fechaSalida">
            <column name="fecha_salida" sql-type="date"/>
        </property>
        <many-to-one name="habitacionByHabitacionId" class="org.example.HabitacionClass">
            <column name="habitacion_id"/>
        </many-to-one>
    </class>
</hibernate-mapping>